"Birmingham, Alabama"
"Hoover, Alabama"
"Huntsville, Alabama"
"Mobile, Alabama"
"Montgomery, Alabama"
"Tuscaloosa, Alabama"
"Anchorage, Alaska"
"Avondale, Arizona"
"Chandler, Arizona"
"Gilbert, Arizona"
"Glendale, Arizona"
"Mesa, Arizona"
"Peoria, Arizona"
"Phoenix, Arizona"
"Scottsdale, Arizona"
"Surprise, Arizona"
"Tempe, Arizona"
"Tucson, Arizona"
"Yuma, Arizona"
"Fayetteville, Arkansas"
"Fort Smith, Arkansas"
"Jonesboro, Arkansas"
"Little Rock, Arkansas"
"Springdale, Arkansas"
"Alameda, California"
"Alhambra, California"
"Anaheim, California"
"Antioch, California"
"Apple Valley, California"
"Bakersfield, California"
"Baldwin Park, California"
"Bellflower, California"
"Berkeley, California"
"Buena Park, California"
"Burbank, California"
"Carlsbad, California"
"Carson, California"
"Chico, California"
"Chino, California"
"Chino Hills, California"
"Chula Vista, California"
"Citrus Heights, California"
"Clovis, California"
"Compton, California"
"Concord, California"
"Corona, California"
"Costa Mesa, California"
"Daly City, California"
"Downey, California"
"El Cajon, California"
"Elk Grove, California"
"El Monte, California"
"Escondido, California"
"Fairfield, California"
"Folsom, California"
"Fontana, California"
"Fremont, California"
"Fresno, California"
"Fullerton, California"
"Garden Grove, California"
"Glendale, California"
"Hawthorne, California"
"Hayward, California"
"Hemet, California"
"Hesperia, California"
"Huntington Beach, California"
"Indio, California"
"Inglewood, California"
"Irvine, California"
"Lake Forest, California"
"Lakewood, California"
"Lancaster, California"
"Livermore, California"
"Long Beach, California"
"Los Angeles, California"
"Lynwood, California"
"Manteca, California"
"Menifee, California"
"Merced, California"
"Milpitas, California"
"Mission Viejo, California"
"Modesto, California"
"Moreno Valley, California"
"Mountain View, California"
"Murrieta, California"
"Napa, California"
"Newport Beach, California"
"Norwalk, California"
"Oakland, California"
"Oceanside, California"
"Ontario, California"
"Orange, California"
"Oxnard, California"
"Palmdale, California"
"Pasadena, California"
"Perris, California"
"Pleasanton, California"
"Pomona, California"
"Rancho Cucamonga, California"
"Redding, California"
"Redlands, California"
"Redondo Beach, California"
"Redwood City, California"
"Rialto, California"
"Richmond, California"
"Riverside, California"
"Roseville, California"
"Sacramento, California"
"Salinas, California"
"San Bernardino, California"
"San Buenaventura (Ventura), California"
"San Diego, California"
"San Francisco, California"
"San Jose, California"
"San Leandro, California"
"San Marcos, California"
"San Mateo, California"
"San Ramon, California"
"Santa Ana, California"
"Santa Barbara, California"
"Santa Clara, California"
"Santa Clarita, California"
"Santa Maria, California"
"Santa Monica, California"
"Santa Rosa, California"
"Simi Valley, California"
"South Gate, California"
"Stockton, California"
"Sunnyvale, California"
"Temecula, California"
"Thousand Oaks, California"
"Torrance, California"
"Tracy, California"
"Turlock, California"
"Tustin, California"
"Union City, California"
"Upland, California"
"Vacaville, California"
"Vallejo, California"
"Victorville, California"
"Visalia, California"
"Vista, California"
"West Covina, California"
"Westminster, California"
"Whittier, California"
"Arvada, Colorado"
"Aurora, Colorado"
"Boulder, Colorado"
"Centennial, Colorado"
"Colorado Springs, Colorado"
"Denver, Colorado"
"Fort Collins, Colorado"
"Greeley, Colorado"
"Lakewood, Colorado"
"Longmont, Colorado"
"Loveland, Colorado"
"Pueblo, Colorado"
"Thornton, Colorado"
"Westminster, Colorado"
"Bridgeport, Connecticut"
"Danbury, Connecticut"
"Hartford, Connecticut"
"New Britain, Connecticut"
"New Haven, Connecticut"
"Norwalk, Connecticut"
"Stamford, Connecticut"
"Waterbury, Connecticut"
"Wilmington, Delaware"
"Washington, District of Columbia"
"Boca Raton, Florida"
"Boynton Beach, Florida"
"Cape Coral, Florida"
"Clearwater, Florida"
"Coral Springs, Florida"
"Davie, Florida"
"Deerfield Beach, Florida"
"Deltona, Florida"
"Fort Lauderdale, Florida"
"Gainesville, Florida"
"Hialeah, Florida"
"Hollywood, Florida"
"Jacksonville, Florida"
"Lakeland, Florida"
"Largo, Florida"
"Lauderhill, Florida"
"Melbourne, Florida"
"Miami, Florida"
"Miami Beach, Florida"
"Miami Gardens, Florida"
"Miramar, Florida"
"Orlando, Florida"
"Palm Bay, Florida"
"Palm Coast, Florida"
"Pembroke Pines, Florida"
"Plantation, Florida"
"Pompano Beach, Florida"
"Port St. Lucie, Florida"
"St. Petersburg, Florida"
"Sunrise, Florida"
"Tallahassee, Florida"
"Tampa, Florida"
"West Palm Beach, Florida"
"Albany, Georgia"
"Athens, Georgia"
"Atlanta, Georgia"
"Augusta, Georgia"
"Columbus, Georgia"
"Johns Creek, Georgia"
"Macon, Georgia"
"Roswell, Georgia"
"Sandy Springs, Georgia"
"Savannah, Georgia"
"Warner Robins, Georgia"
"Honolulu, Hawaii"
"Boise City, Idaho"
"Meridian, Idaho"
"Nampa, Idaho"
"Arlington Heights, Illinois"
"Aurora, Illinois"
"Bloomington, Illinois"
"Bolingbrook, Illinois"
"Champaign, Illinois"
"Chicago, Illinois"
"Cicero, Illinois"
"Decatur, Illinois"
"Elgin, Illinois"
"Evanston, Illinois"
"Joliet, Illinois"
"Naperville, Illinois"
"Palatine, Illinois"
"Peoria, Illinois"
"Rockford, Illinois"
"Schaumburg, Illinois"
"Springfield, Illinois"
"Waukegan, Illinois"
"Bloomington, Indiana"
"Carmel, Indiana"
"Evansville, Indiana"
"Fishers, Indiana"
"Fort Wayne, Indiana"
"Gary, Indiana"
"Hammond, Indiana"
"Indianapolis, Indiana"
"Lafayette, Indiana"
"Muncie, Indiana"
"South Bend, Indiana"
"Cedar Rapids, Iowa"
"Davenport, Iowa"
"Des Moines, Iowa"
"Iowa City, Iowa"
"Sioux City, Iowa"
"Waterloo, Iowa"
"Kansas City, Kansas"
"Lawrence, Kansas"
"Olathe, Kansas"
"Overland Park, Kansas"
"Topeka, Kansas"
"Wichita, Kansas"
"Lexington, Kentucky"
"Louisville, Kentucky"
"Baton Rouge, Louisiana"
"Kenner, Louisiana"
"Lafayette, Louisiana"
"Lake Charles, Louisiana"
"New Orleans, Louisiana"
"Shreveport, Louisiana"
"Portland, Maine"
"Baltimore, Maryland"
"Boston, Massachusetts"
"Brockton, Massachusetts"
"Cambridge, Massachusetts"
"Fall River, Massachusetts"
"Lawrence, Massachusetts"
"Lowell, Massachusetts"
"Lynn, Massachusetts"
"New Bedford, Massachusetts"
"Newton, Massachusetts"
"Quincy, Massachusetts"
"Somerville, Massachusetts"
"Springfield, Massachusetts"
"Worcester, Massachusetts"
"Ann Arbor, Michigan"
"Dearborn, Michigan"
"Detroit, Michigan"
"Farmington Hills, Michigan"
"Flint, Michigan"
"Grand Rapids, Michigan"
"Kalamazoo, Michigan"
"Lansing, Michigan"
"Livonia, Michigan"
"Rochester Hills, Michigan"
"Southfield, Michigan"
"Sterling Heights, Michigan"
"Troy, Michigan"
"Warren, Michigan"
"Westland, Michigan"
"Wyoming, Michigan"
"Bloomington, Minnesota"
"Brooklyn Park, Minnesota"
"Duluth, Minnesota"
"Minneapolis, Minnesota"
"Plymouth, Minnesota"
"Rochester, Minnesota"
"St. Paul, Minnesota"
"Gulfport, Mississippi"
"Jackson, Mississippi"
"Columbia, Missouri"
"Independence, Missouri"
"Kansas City, Missouri"
"Lee's Summit, Missouri"
"O'Fallon, Missouri"
"St. Joseph, Missouri"
"St. Louis, Missouri"
"Springfield, Missouri"
"Billings, Montana"
"Missoula, Montana"
"Lincoln, Nebraska"
"Omaha, Nebraska"
"Henderson, Nevada"
"Las Vegas, Nevada"
"North Las Vegas, Nevada"
"Reno, Nevada"
"Sparks, Nevada"
"Manchester, New Hampshire"
"Nashua, New Hampshire"
"Camden, New Jersey"
"Clifton, New Jersey"
"Elizabeth, New Jersey"
"Jersey City, New Jersey"
"Newark, New Jersey"
"Passaic, New Jersey"
"Paterson, New Jersey"
"Trenton, New Jersey"
"Union City, New Jersey"
"Albuquerque, New Mexico"
"Las Cruces, New Mexico"
"Rio Rancho, New Mexico"
"Santa Fe, New Mexico"
"Albany, New York"
"Buffalo, New York"
"Mount Vernon, New York"
"New Rochelle, New York"
"New York, New York"
"Rochester, New York"
"Schenectady, New York"
"Syracuse, New York"
"Yonkers, New York"
"Asheville, North Carolina"
"Cary, North Carolina"
"Charlotte, North Carolina"
"Concord, North Carolina"
"Durham, North Carolina"
"Fayetteville, North Carolina"
"Gastonia, North Carolina"
"Greensboro, North Carolina"
"Greenville, North Carolina"
"High Point, North Carolina"
"Jacksonville, North Carolina"
"Raleigh, North Carolina"
"Wilmington, North Carolina"
"Winston-Salem, North Carolina"
"Fargo, North Dakota"
"Akron, Ohio"
"Canton, Ohio"
"Cincinnati, Ohio"
"Cleveland, Ohio"
"Columbus, Ohio"
"Dayton, Ohio"
"Parma, Ohio"
"Toledo, Ohio"
"Youngstown, Ohio"
"Broken Arrow, Oklahoma"
"Edmond, Oklahoma"
"Lawton, Oklahoma"
"Norman, Oklahoma"
"Oklahoma City, Oklahoma"
"Tulsa, Oklahoma"
"Beaverton, Oregon"
"Bend, Oregon"
"Eugene, Oregon"
"Gresham, Oregon"
"Hillsboro, Oregon"
"Medford, Oregon"
"Portland, Oregon"
"Salem, Oregon"
"Allentown, Pennsylvania"
"Bethlehem, Pennsylvania"
"Erie, Pennsylvania"
"Philadelphia, Pennsylvania"
"Pittsburgh, Pennsylvania"
"Reading, Pennsylvania"
"Scranton, Pennsylvania"
"Cranston, Rhode Island"
"Pawtucket, Rhode Island"
"Providence, Rhode Island"
"Warwick, Rhode Island"
"Charleston, South Carolina"
"Columbia, South Carolina"
"Mount Pleasant, South Carolina"
"North Charleston, South Carolina"
"Rock Hill, South Carolina"
"Rapid City, South Dakota"
"Sioux Falls, South Dakota"
"Chattanooga, Tennessee"
"Clarksville, Tennessee"
"Knoxville, Tennessee"
"Memphis, Tennessee"
"Murfreesboro, Tennessee"
"Nashville, Tennessee"
"Abilene, Texas"
"Allen, Texas"
"Amarillo, Texas"
"Arlington, Texas"
"Austin, Texas"
"Baytown, Texas"
"Beaumont, Texas"
"Brownsville, Texas"
"Bryan, Texas"
"Carrollton, Texas"
"College Station, Texas"
"Corpus Christi, Texas"
"Dallas, Texas"
"Denton, Texas"
"Edinburg, Texas"
"El Paso, Texas"
"Fort Worth, Texas"
"Frisco, Texas"
"Garland, Texas"
"Grand Prairie, Texas"
"Houston, Texas"
"Irving, Texas"
"Killeen, Texas"
"Laredo, Texas"
"League City, Texas"
"Lewisville, Texas"
"Longview, Texas"
"Lubbock, Texas"
"McAllen, Texas"
"McKinney, Texas"
"Mesquite, Texas"
"Midland, Texas"
"Mission, Texas"
"Missouri City, Texas"
"Odessa, Texas"
"Pasadena, Texas"
"Pearland, Texas"
"Pharr, Texas"
"Plano, Texas"
"Richardson, Texas"
"Round Rock, Texas"
"San Angelo, Texas"
"San Antonio, Texas"
"Sugar Land, Texas"
"Tyler, Texas"
"Waco, Texas"
"Wichita Falls, Texas"
"Layton, Utah"
"Ogden, Utah"
"Orem, Utah"
"Provo, Utah"
"St. George, Utah"
"Salt Lake City, Utah"
"Sandy, Utah"
"West Jordan, Utah"
"West Valley City, Utah"
"Burlington, Vermont"
"Alexandria, Virginia"
"Chesapeake, Virginia"
"Hampton, Virginia"
"Lynchburg, Virginia"
"Newport News, Virginia"
"Norfolk, Virginia"
"Portsmouth, Virginia"
"Richmond, Virginia"
"Roanoke, Virginia"
"Suffolk, Virginia"
"Virginia Beach, Virginia"
"Auburn, Washington"
"Bellevue, Washington"
"Bellingham, Washington"
"Everett, Washington"
"Federal Way, Washington"
"Kennewick, Washington"
"Kent, Washington"
"Renton, Washington"
"Seattle, Washington"
"Spokane, Washington"
"Spokane Valley, Washington"
"Tacoma, Washington"
"Vancouver, Washington"
"Yakima, Washington"
"Charleston, West Virginia"
"Appleton, Wisconsin"
"Green Bay, Wisconsin"
"Kenosha, Wisconsin"
"Madison, Wisconsin"
"Milwaukee, Wisconsin"
"Racine, Wisconsin"
"Waukesha, Wisconsin"
"Cheyenne, Wyoming"